episode,policy_loss,entropy
0,6.631732228662033e-15,-0.0
1,6.631732228662033e-15,-0.0
2,6.631732228662033e-15,-0.0
3,6.631732228662033e-15,-0.0
4,6.631732228662033e-15,-0.0
5,6.631732228662033e-15,-0.0
6,6.631732228662033e-15,-0.0
7,6.631732228662033e-15,-0.0
8,6.631732228662033e-15,-0.0
9,6.631732228662033e-15,-0.0
10,6.631732228662033e-15,-0.0
11,6.631732228662033e-15,-0.0
12,6.631732228662033e-15,-0.0
13,6.631732228662033e-15,-0.0
14,6.631732228662033e-15,-0.0
15,6.631732228662033e-15,-0.0
16,6.631732228662033e-15,-0.0
17,6.631732228662033e-15,-0.0
18,6.631732228662033e-15,-0.0
19,6.631732228662033e-15,-0.0
20,6.631732228662033e-15,-0.0
21,6.631732228662033e-15,-0.0
22,6.631732228662033e-15,-0.0
23,6.631732228662033e-15,-0.0
24,6.631732228662033e-15,-0.0
25,6.631732228662033e-15,-0.0
26,6.631732228662033e-15,-0.0
27,6.631732228662033e-15,-0.0
28,6.631732228662033e-15,-0.0
29,6.631732228662033e-15,-0.0
30,6.631732228662033e-15,-0.0
31,6.631732228662033e-15,-0.0
32,6.631732228662033e-15,-0.0
33,6.631732228662033e-15,-0.0
34,6.631732228662033e-15,-0.0
35,6.631732228662033e-15,-0.0
36,6.631732228662033e-15,-0.0
37,6.631732228662033e-15,-0.0
38,6.631732228662033e-15,-0.0
39,6.631732228662033e-15,-0.0
40,6.631732228662033e-15,-0.0
41,6.631732228662033e-15,-0.0
42,6.631732228662033e-15,-0.0
43,6.631732228662033e-15,-0.0
44,6.631732228662033e-15,-0.0
45,6.631732228662033e-15,-0.0
46,6.631732228662033e-15,-0.0
47,6.631732228662033e-15,-0.0
48,6.631732228662033e-15,-0.0
49,6.631732228662033e-15,-0.0
50,6.631732228662033e-15,-0.0
51,6.631732228662033e-15,-0.0
52,6.631732228662033e-15,-0.0
53,6.631732228662033e-15,-0.0
54,6.631732228662033e-15,-0.0
55,6.631732228662033e-15,-0.0
56,6.631732228662033e-15,-0.0
57,6.631732228662033e-15,-0.0
58,6.631732228662033e-15,-0.0
59,6.631732228662033e-15,-0.0
60,6.631732228662033e-15,-0.0
61,6.631732228662033e-15,-0.0
62,6.631732228662033e-15,-0.0
63,6.631732228662033e-15,-0.0
64,6.631732228662033e-15,-0.0
65,6.631732228662033e-15,-0.0
66,6.631732228662033e-15,-0.0
67,6.631732228662033e-15,-0.0
68,6.631732228662033e-15,-0.0
69,6.631732228662033e-15,-0.0
70,6.631732228662033e-15,-0.0
71,6.631732228662033e-15,-0.0
72,6.631732228662033e-15,-0.0
73,6.631732228662033e-15,-0.0
74,6.631732228662033e-15,-0.0
75,6.631732228662033e-15,-0.0
76,6.631732228662033e-15,-0.0
77,6.631732228662033e-15,-0.0
78,6.631732228662033e-15,-0.0
79,6.631732228662033e-15,-0.0
80,6.631732228662033e-15,-0.0
81,6.631732228662033e-15,-0.0
82,6.631732228662033e-15,-0.0
83,6.631732228662033e-15,-0.0
84,6.631732228662033e-15,-0.0
85,6.631732228662033e-15,-0.0
86,6.631732228662033e-15,-0.0
87,6.631732228662033e-15,-0.0
88,6.631732228662033e-15,-0.0
89,6.631732228662033e-15,-0.0
90,6.631732228662033e-15,-0.0
91,6.631732228662033e-15,-0.0
92,6.631732228662033e-15,-0.0
93,6.631732228662033e-15,-0.0
94,6.631732228662033e-15,-0.0
95,6.631732228662033e-15,-0.0
96,6.631732228662033e-15,-0.0
97,6.631732228662033e-15,-0.0
98,6.631732228662033e-15,-0.0
99,6.631732228662033e-15,-0.0
100,6.631732228662033e-15,-0.0
101,6.631732228662033e-15,-0.0
102,6.631732228662033e-15,-0.0
103,6.631732228662033e-15,-0.0
104,6.631732228662033e-15,-0.0
105,6.631732228662033e-15,-0.0
106,6.631732228662033e-15,-0.0
107,6.631732228662033e-15,-0.0
108,6.631732228662033e-15,-0.0
109,6.631732228662033e-15,-0.0
110,6.631732228662033e-15,-0.0
111,6.631732228662033e-15,-0.0
112,6.631732228662033e-15,-0.0
113,6.631732228662033e-15,-0.0
114,6.631732228662033e-15,-0.0
115,6.631732228662033e-15,-0.0
116,6.631732228662033e-15,-0.0
117,6.631732228662033e-15,-0.0
118,6.631732228662033e-15,-0.0
119,6.631732228662033e-15,-0.0
120,6.631732228662033e-15,-0.0
121,6.631732228662033e-15,-0.0
122,6.631732228662033e-15,-0.0
123,6.631732228662033e-15,-0.0
124,6.631732228662033e-15,-0.0
125,6.631732228662033e-15,-0.0
126,6.631732228662033e-15,-0.0
127,6.631732228662033e-15,-0.0
128,6.631732228662033e-15,-0.0
129,6.631732228662033e-15,-0.0
130,6.631732228662033e-15,-0.0
131,6.631732228662033e-15,-0.0
132,6.631732228662033e-15,-0.0
133,6.631732228662033e-15,-0.0
134,6.631732228662033e-15,-0.0
135,6.631732228662033e-15,-0.0
136,6.631732228662033e-15,-0.0
137,6.631732228662033e-15,-0.0
138,6.631732228662033e-15,-0.0
139,6.631732228662033e-15,-0.0
140,6.631732228662033e-15,-0.0
141,6.631732228662033e-15,-0.0
142,6.631732228662033e-15,-0.0
143,6.631732228662033e-15,-0.0
144,6.631732228662033e-15,-0.0
145,6.631732228662033e-15,-0.0
146,6.631732228662033e-15,-0.0
147,6.631732228662033e-15,-0.0
148,6.631732228662033e-15,-0.0
149,6.631732228662033e-15,-0.0
150,6.631732228662033e-15,-0.0
151,6.631732228662033e-15,-0.0
152,6.631732228662033e-15,-0.0
153,6.631732228662033e-15,-0.0
154,6.631732228662033e-15,-0.0
155,6.631732228662033e-15,-0.0
156,6.631732228662033e-15,-0.0
157,6.631732228662033e-15,-0.0
158,6.631732228662033e-15,-0.0
159,6.631732228662033e-15,-0.0
160,6.631732228662033e-15,-0.0
161,6.631732228662033e-15,-0.0
162,6.631732228662033e-15,-0.0
163,6.631732228662033e-15,-0.0
164,6.631732228662033e-15,-0.0
165,6.631732228662033e-15,-0.0
166,6.631732228662033e-15,-0.0
167,6.631732228662033e-15,-0.0
168,6.631732228662033e-15,-0.0
169,6.631732228662033e-15,-0.0
170,6.631732228662033e-15,-0.0
171,6.631732228662033e-15,-0.0
172,6.631732228662033e-15,-0.0
173,6.631732228662033e-15,-0.0
174,6.631732228662033e-15,-0.0
175,6.631732228662033e-15,-0.0
176,6.631732228662033e-15,-0.0
177,6.631732228662033e-15,-0.0
178,6.631732228662033e-15,-0.0
179,6.631732228662033e-15,-0.0
180,6.631732228662033e-15,-0.0
181,6.631732228662033e-15,-0.0
182,6.631732228662033e-15,-0.0
183,6.631732228662033e-15,-0.0
184,6.631732228662033e-15,-0.0
185,6.631732228662033e-15,-0.0
186,6.631732228662033e-15,-0.0
187,6.631732228662033e-15,-0.0
188,6.631732228662033e-15,-0.0
189,6.631732228662033e-15,-0.0
190,6.631732228662033e-15,-0.0
191,6.631732228662033e-15,-0.0
192,6.631732228662033e-15,-0.0
193,6.631732228662033e-15,-0.0
194,6.631732228662033e-15,-0.0
195,6.631732228662033e-15,-0.0
196,6.631732228662033e-15,-0.0
197,6.631732228662033e-15,-0.0
198,6.631732228662033e-15,-0.0
199,6.631732228662033e-15,-0.0
200,6.631732228662033e-15,-0.0
201,6.631732228662033e-15,-0.0
202,6.631732228662033e-15,-0.0
203,6.631732228662033e-15,-0.0
204,6.631732228662033e-15,-0.0
205,6.631732228662033e-15,-0.0
206,6.631732228662033e-15,-0.0
207,6.631732228662033e-15,-0.0
208,6.631732228662033e-15,-0.0
209,6.631732228662033e-15,-0.0
210,6.631732228662033e-15,-0.0
211,6.631732228662033e-15,-0.0
212,6.631732228662033e-15,-0.0
213,6.631732228662033e-15,-0.0
214,6.631732228662033e-15,-0.0
215,6.631732228662033e-15,-0.0
216,6.631732228662033e-15,-0.0
217,6.631732228662033e-15,-0.0
218,6.631732228662033e-15,-0.0
219,6.631732228662033e-15,-0.0
220,6.631732228662033e-15,-0.0
221,6.631732228662033e-15,-0.0
222,6.631732228662033e-15,-0.0
223,6.631732228662033e-15,-0.0
224,6.631732228662033e-15,-0.0
225,6.631732228662033e-15,-0.0
226,6.631732228662033e-15,-0.0
227,6.631732228662033e-15,-0.0
228,6.631732228662033e-15,-0.0
229,6.631732228662033e-15,-0.0
230,6.631732228662033e-15,-0.0
231,6.631732228662033e-15,-0.0
232,6.631732228662033e-15,-0.0
233,6.631732228662033e-15,-0.0
234,6.631732228662033e-15,-0.0
235,6.631732228662033e-15,-0.0
236,6.631732228662033e-15,-0.0
237,6.631732228662033e-15,-0.0
238,6.631732228662033e-15,-0.0
239,6.631732228662033e-15,-0.0
240,6.631732228662033e-15,-0.0
241,6.631732228662033e-15,-0.0
242,6.631732228662033e-15,-0.0
243,6.631732228662033e-15,-0.0
244,6.631732228662033e-15,-0.0
245,6.631732228662033e-15,-0.0
246,6.631732228662033e-15,-0.0
247,6.631732228662033e-15,-0.0
248,6.631732228662033e-15,-0.0
249,6.631732228662033e-15,-0.0
250,6.631732228662033e-15,-0.0
251,6.631732228662033e-15,-0.0
252,6.631732228662033e-15,-0.0
253,6.631732228662033e-15,-0.0
254,6.631732228662033e-15,-0.0
255,6.631732228662033e-15,-0.0
256,6.631732228662033e-15,-0.0
257,6.631732228662033e-15,-0.0
258,6.631732228662033e-15,-0.0
259,6.631732228662033e-15,-0.0
260,6.631732228662033e-15,-0.0
261,6.631732228662033e-15,-0.0
262,6.631732228662033e-15,-0.0
263,6.631732228662033e-15,-0.0
264,6.631732228662033e-15,-0.0
265,6.631732228662033e-15,-0.0
266,6.631732228662033e-15,-0.0
267,6.631732228662033e-15,-0.0
268,6.631732228662033e-15,-0.0
269,6.631732228662033e-15,-0.0
270,6.631732228662033e-15,-0.0
271,6.631732228662033e-15,-0.0
272,6.631732228662033e-15,-0.0
273,6.631732228662033e-15,-0.0
274,6.631732228662033e-15,-0.0
275,6.631732228662033e-15,-0.0
276,6.631732228662033e-15,-0.0
277,6.631732228662033e-15,-0.0
278,6.631732228662033e-15,-0.0
279,6.631732228662033e-15,-0.0
280,6.631732228662033e-15,-0.0
281,6.631732228662033e-15,-0.0
282,6.631732228662033e-15,-0.0
283,6.631732228662033e-15,-0.0
284,6.631732228662033e-15,-0.0
285,6.631732228662033e-15,-0.0
286,6.631732228662033e-15,-0.0
287,6.631732228662033e-15,-0.0
288,6.631732228662033e-15,-0.0
289,6.631732228662033e-15,-0.0
290,6.631732228662033e-15,-0.0
291,6.631732228662033e-15,-0.0
292,6.631732228662033e-15,-0.0
293,6.631732228662033e-15,-0.0
294,6.631732228662033e-15,-0.0
295,6.631732228662033e-15,-0.0
296,6.631732228662033e-15,-0.0
297,6.631732228662033e-15,-0.0
298,6.631732228662033e-15,-0.0
299,6.631732228662033e-15,-0.0
300,6.631732228662033e-15,-0.0
301,6.631732228662033e-15,-0.0
302,6.631732228662033e-15,-0.0
303,6.631732228662033e-15,-0.0
304,6.631732228662033e-15,-0.0
305,6.631732228662033e-15,-0.0
306,6.631732228662033e-15,-0.0
307,6.631732228662033e-15,-0.0
308,6.631732228662033e-15,-0.0
309,6.631732228662033e-15,-0.0
310,6.631732228662033e-15,-0.0
311,6.631732228662033e-15,-0.0
312,6.631732228662033e-15,-0.0
313,6.631732228662033e-15,-0.0
314,6.631732228662033e-15,-0.0
315,6.631732228662033e-15,-0.0
316,6.631732228662033e-15,-0.0
317,6.631732228662033e-15,-0.0
318,6.631732228662033e-15,-0.0
319,6.631732228662033e-15,-0.0
320,6.631732228662033e-15,-0.0
321,6.631732228662033e-15,-0.0
322,6.631732228662033e-15,-0.0
323,6.631732228662033e-15,-0.0
324,6.631732228662033e-15,-0.0
325,6.631732228662033e-15,-0.0
326,6.631732228662033e-15,-0.0
327,6.631732228662033e-15,-0.0
328,6.631732228662033e-15,-0.0
329,6.631732228662033e-15,-0.0
330,6.631732228662033e-15,-0.0
331,6.631732228662033e-15,-0.0
332,6.631732228662033e-15,-0.0
333,6.631732228662033e-15,-0.0
334,6.631732228662033e-15,-0.0
335,6.631732228662033e-15,-0.0
336,6.631732228662033e-15,-0.0
337,6.631732228662033e-15,-0.0
338,6.631732228662033e-15,-0.0
339,6.631732228662033e-15,-0.0
340,6.631732228662033e-15,-0.0
341,6.631732228662033e-15,-0.0
342,6.631732228662033e-15,-0.0
343,6.631732228662033e-15,-0.0
344,6.631732228662033e-15,-0.0
345,6.631732228662033e-15,-0.0
346,6.631732228662033e-15,-0.0
347,6.631732228662033e-15,-0.0
348,6.631732228662033e-15,-0.0
349,6.631732228662033e-15,-0.0
350,6.631732228662033e-15,-0.0
351,6.631732228662033e-15,-0.0
352,6.631732228662033e-15,-0.0
353,6.631732228662033e-15,-0.0
354,6.631732228662033e-15,-0.0
355,6.631732228662033e-15,-0.0
356,6.631732228662033e-15,-0.0
357,6.631732228662033e-15,-0.0
358,6.631732228662033e-15,-0.0
359,6.631732228662033e-15,-0.0
360,6.631732228662033e-15,-0.0
361,6.631732228662033e-15,-0.0
362,6.631732228662033e-15,-0.0
363,6.631732228662033e-15,-0.0
364,6.631732228662033e-15,-0.0
365,6.631732228662033e-15,-0.0
366,6.631732228662033e-15,-0.0
367,6.631732228662033e-15,-0.0
368,6.631732228662033e-15,-0.0
369,6.631732228662033e-15,-0.0
370,6.631732228662033e-15,-0.0
371,6.631732228662033e-15,-0.0
372,6.631732228662033e-15,-0.0
373,6.631732228662033e-15,-0.0
374,6.631732228662033e-15,-0.0
375,6.631732228662033e-15,-0.0
376,6.631732228662033e-15,-0.0
377,6.631732228662033e-15,-0.0
378,6.631732228662033e-15,-0.0
379,6.631732228662033e-15,-0.0
380,6.631732228662033e-15,-0.0
381,6.631732228662033e-15,-0.0
382,6.631732228662033e-15,-0.0
383,6.631732228662033e-15,-0.0
384,6.631732228662033e-15,-0.0
385,6.631732228662033e-15,-0.0
386,6.631732228662033e-15,-0.0
387,6.631732228662033e-15,-0.0
388,6.631732228662033e-15,-0.0
389,6.631732228662033e-15,-0.0
390,6.631732228662033e-15,-0.0
391,6.631732228662033e-15,-0.0
392,6.631732228662033e-15,-0.0
393,6.631732228662033e-15,-0.0
394,6.631732228662033e-15,-0.0
395,6.631732228662033e-15,-0.0
396,6.631732228662033e-15,-0.0
397,6.631732228662033e-15,-0.0
398,6.631732228662033e-15,-0.0
399,6.631732228662033e-15,-0.0
400,6.631732228662033e-15,-0.0
401,6.631732228662033e-15,-0.0
402,6.631732228662033e-15,-0.0
403,6.631732228662033e-15,-0.0
404,6.631732228662033e-15,-0.0
405,6.631732228662033e-15,-0.0
406,6.631732228662033e-15,-0.0
407,6.631732228662033e-15,-0.0
408,6.631732228662033e-15,-0.0
409,6.631732228662033e-15,-0.0
410,6.631732228662033e-15,-0.0
411,6.631732228662033e-15,-0.0
412,6.631732228662033e-15,-0.0
413,6.631732228662033e-15,-0.0
414,6.631732228662033e-15,-0.0
415,6.631732228662033e-15,-0.0
416,6.631732228662033e-15,-0.0
417,6.631732228662033e-15,-0.0
418,6.631732228662033e-15,-0.0
419,6.631732228662033e-15,-0.0
420,6.631732228662033e-15,-0.0
421,6.631732228662033e-15,-0.0
422,6.631732228662033e-15,-0.0
423,6.631732228662033e-15,-0.0
424,6.631732228662033e-15,-0.0
425,6.631732228662033e-15,-0.0
426,6.631732228662033e-15,-0.0
427,6.631732228662033e-15,-0.0
428,6.631732228662033e-15,-0.0
429,6.631732228662033e-15,-0.0
430,6.631732228662033e-15,-0.0
431,6.631732228662033e-15,-0.0
432,6.631732228662033e-15,-0.0
433,6.631732228662033e-15,-0.0
434,6.631732228662033e-15,-0.0
435,6.631732228662033e-15,-0.0
436,6.631732228662033e-15,-0.0
437,6.631732228662033e-15,-0.0
438,6.631732228662033e-15,-0.0
439,6.631732228662033e-15,-0.0
440,6.631732228662033e-15,-0.0
441,6.631732228662033e-15,-0.0
442,6.631732228662033e-15,-0.0
443,6.631732228662033e-15,-0.0
444,6.631732228662033e-15,-0.0
445,6.631732228662033e-15,-0.0
446,6.631732228662033e-15,-0.0
447,6.631732228662033e-15,-0.0
448,6.631732228662033e-15,-0.0
449,6.631732228662033e-15,-0.0
450,6.631732228662033e-15,-0.0
451,6.631732228662033e-15,-0.0
452,6.631732228662033e-15,-0.0
453,6.631732228662033e-15,-0.0
454,6.631732228662033e-15,-0.0
455,6.631732228662033e-15,-0.0
456,6.631732228662033e-15,-0.0
457,6.631732228662033e-15,-0.0
458,6.631732228662033e-15,-0.0
459,6.631732228662033e-15,-0.0
460,6.631732228662033e-15,-0.0
461,6.631732228662033e-15,-0.0
462,6.631732228662033e-15,-0.0
463,6.631732228662033e-15,-0.0
464,6.631732228662033e-15,-0.0
465,6.631732228662033e-15,-0.0
466,6.631732228662033e-15,-0.0
467,6.631732228662033e-15,-0.0
468,6.631732228662033e-15,-0.0
469,6.631732228662033e-15,-0.0
470,6.631732228662033e-15,-0.0
471,6.631732228662033e-15,-0.0
472,6.631732228662033e-15,-0.0
473,6.631732228662033e-15,-0.0
474,6.631732228662033e-15,-0.0
475,6.631732228662033e-15,-0.0
476,6.631732228662033e-15,-0.0
477,6.631732228662033e-15,-0.0
478,6.631732228662033e-15,-0.0
479,6.631732228662033e-15,-0.0
480,6.631732228662033e-15,-0.0
481,6.631732228662033e-15,-0.0
482,6.631732228662033e-15,-0.0
483,6.631732228662033e-15,-0.0
484,6.631732228662033e-15,-0.0
485,6.631732228662033e-15,-0.0
486,6.631732228662033e-15,-0.0
487,6.631732228662033e-15,-0.0
488,6.631732228662033e-15,-0.0
489,6.631732228662033e-15,-0.0
490,6.631732228662033e-15,-0.0
491,6.631732228662033e-15,-0.0
492,6.631732228662033e-15,-0.0
493,6.631732228662033e-15,-0.0
494,6.631732228662033e-15,-0.0
495,6.631732228662033e-15,-0.0
496,6.631732228662033e-15,-0.0
497,6.631732228662033e-15,-0.0
498,6.631732228662033e-15,-0.0
499,6.631732228662033e-15,-0.0
500,6.631732228662033e-15,-0.0
501,6.631732228662033e-15,-0.0
502,6.631732228662033e-15,-0.0
503,6.631732228662033e-15,-0.0
504,6.631732228662033e-15,-0.0
505,6.631732228662033e-15,-0.0
506,6.631732228662033e-15,-0.0
507,6.631732228662033e-15,-0.0
508,6.631732228662033e-15,-0.0
509,6.631732228662033e-15,-0.0
510,6.631732228662033e-15,-0.0
511,6.631732228662033e-15,-0.0
512,6.631732228662033e-15,-0.0
513,6.631732228662033e-15,-0.0
514,6.631732228662033e-15,-0.0
515,6.631732228662033e-15,-0.0
516,6.631732228662033e-15,-0.0
517,6.631732228662033e-15,-0.0
518,6.631732228662033e-15,-0.0
519,6.631732228662033e-15,-0.0
520,6.631732228662033e-15,-0.0
521,6.631732228662033e-15,-0.0
522,6.631732228662033e-15,-0.0
523,6.631732228662033e-15,-0.0
524,6.631732228662033e-15,-0.0
525,6.631732228662033e-15,-0.0
526,6.631732228662033e-15,-0.0
527,6.631732228662033e-15,-0.0
528,6.631732228662033e-15,-0.0
529,6.631732228662033e-15,-0.0
530,6.631732228662033e-15,-0.0
531,6.631732228662033e-15,-0.0
532,6.631732228662033e-15,-0.0
533,6.631732228662033e-15,-0.0
534,6.631732228662033e-15,-0.0
535,6.631732228662033e-15,-0.0
536,6.631732228662033e-15,-0.0
537,6.631732228662033e-15,-0.0
538,6.631732228662033e-15,-0.0
539,6.631732228662033e-15,-0.0
540,6.631732228662033e-15,-0.0
541,6.631732228662033e-15,-0.0
542,6.631732228662033e-15,-0.0
543,6.631732228662033e-15,-0.0
544,6.631732228662033e-15,-0.0
545,6.631732228662033e-15,-0.0
546,6.631732228662033e-15,-0.0
547,6.631732228662033e-15,-0.0
548,6.631732228662033e-15,-0.0
549,6.631732228662033e-15,-0.0
550,6.631732228662033e-15,-0.0
551,6.631732228662033e-15,-0.0
552,6.631732228662033e-15,-0.0
553,6.631732228662033e-15,-0.0
554,6.631732228662033e-15,-0.0
555,6.631732228662033e-15,-0.0
556,6.631732228662033e-15,-0.0
557,6.631732228662033e-15,-0.0
558,6.631732228662033e-15,-0.0
559,6.631732228662033e-15,-0.0
560,6.631732228662033e-15,-0.0
561,6.631732228662033e-15,-0.0
562,6.631732228662033e-15,-0.0
563,6.631732228662033e-15,-0.0
564,6.631732228662033e-15,-0.0
565,6.631732228662033e-15,-0.0
566,6.631732228662033e-15,-0.0
567,6.631732228662033e-15,-0.0
568,6.631732228662033e-15,-0.0
569,6.631732228662033e-15,-0.0
570,6.631732228662033e-15,-0.0
571,6.631732228662033e-15,-0.0
572,6.631732228662033e-15,-0.0
573,6.631732228662033e-15,-0.0
574,6.631732228662033e-15,-0.0
575,6.631732228662033e-15,-0.0
576,6.631732228662033e-15,-0.0
577,6.631732228662033e-15,-0.0
578,6.631732228662033e-15,-0.0
579,6.631732228662033e-15,-0.0
580,6.631732228662033e-15,-0.0
581,6.631732228662033e-15,-0.0
582,6.631732228662033e-15,-0.0
583,6.631732228662033e-15,-0.0
584,6.631732228662033e-15,-0.0
585,6.631732228662033e-15,-0.0
586,6.631732228662033e-15,-0.0
587,6.631732228662033e-15,-0.0
588,6.631732228662033e-15,-0.0
589,6.631732228662033e-15,-0.0
590,6.631732228662033e-15,-0.0
591,6.631732228662033e-15,-0.0
592,6.631732228662033e-15,-0.0
593,6.631732228662033e-15,-0.0
594,6.631732228662033e-15,-0.0
595,6.631732228662033e-15,-0.0
596,6.631732228662033e-15,-0.0
597,6.631732228662033e-15,-0.0
598,6.631732228662033e-15,-0.0
599,6.631732228662033e-15,-0.0
600,6.631732228662033e-15,-0.0
601,6.631732228662033e-15,-0.0
602,6.631732228662033e-15,-0.0
603,6.631732228662033e-15,-0.0
604,6.631732228662033e-15,-0.0
605,6.631732228662033e-15,-0.0
606,6.631732228662033e-15,-0.0
607,6.631732228662033e-15,-0.0
608,6.631732228662033e-15,-0.0
609,6.631732228662033e-15,-0.0
610,6.631732228662033e-15,-0.0
611,6.631732228662033e-15,-0.0
612,6.631732228662033e-15,-0.0
613,6.631732228662033e-15,-0.0
614,6.631732228662033e-15,-0.0
615,6.631732228662033e-15,-0.0
616,6.631732228662033e-15,-0.0
617,6.631732228662033e-15,-0.0
618,6.631732228662033e-15,-0.0
619,6.631732228662033e-15,-0.0
620,6.631732228662033e-15,-0.0
621,6.631732228662033e-15,-0.0
622,6.631732228662033e-15,-0.0
623,6.631732228662033e-15,-0.0
624,6.631732228662033e-15,-0.0
625,6.631732228662033e-15,-0.0
626,6.631732228662033e-15,-0.0
627,6.631732228662033e-15,-0.0
628,6.631732228662033e-15,-0.0
629,6.631732228662033e-15,-0.0
630,6.631732228662033e-15,-0.0
631,6.631732228662033e-15,-0.0
632,6.631732228662033e-15,-0.0
633,6.631732228662033e-15,-0.0
634,6.631732228662033e-15,-0.0
635,6.631732228662033e-15,-0.0
636,6.631732228662033e-15,-0.0
637,6.631732228662033e-15,-0.0
638,6.631732228662033e-15,-0.0
639,6.631732228662033e-15,-0.0
640,6.631732228662033e-15,-0.0
641,6.631732228662033e-15,-0.0
642,6.631732228662033e-15,-0.0
643,6.631732228662033e-15,-0.0
644,6.631732228662033e-15,-0.0
645,6.631732228662033e-15,-0.0
646,6.631732228662033e-15,-0.0
647,6.631732228662033e-15,-0.0
648,6.631732228662033e-15,-0.0
649,6.631732228662033e-15,-0.0
650,6.631732228662033e-15,-0.0
651,6.631732228662033e-15,-0.0
652,6.631732228662033e-15,-0.0
653,6.631732228662033e-15,-0.0
654,6.631732228662033e-15,-0.0
655,6.631732228662033e-15,-0.0
656,6.631732228662033e-15,-0.0
657,6.631732228662033e-15,-0.0
658,6.631732228662033e-15,-0.0
659,6.631732228662033e-15,-0.0
660,6.631732228662033e-15,-0.0
661,6.631732228662033e-15,-0.0
662,6.631732228662033e-15,-0.0
663,6.631732228662033e-15,-0.0
664,6.631732228662033e-15,-0.0
665,6.631732228662033e-15,-0.0
666,6.631732228662033e-15,-0.0
667,6.631732228662033e-15,-0.0
668,6.631732228662033e-15,-0.0
669,6.631732228662033e-15,-0.0
670,6.631732228662033e-15,-0.0
671,6.631732228662033e-15,-0.0
672,6.631732228662033e-15,-0.0
673,6.631732228662033e-15,-0.0
674,6.631732228662033e-15,-0.0
675,6.631732228662033e-15,-0.0
676,6.631732228662033e-15,-0.0
677,6.631732228662033e-15,-0.0
678,6.631732228662033e-15,-0.0
679,6.631732228662033e-15,-0.0
680,6.631732228662033e-15,-0.0
681,6.631732228662033e-15,-0.0
682,6.631732228662033e-15,-0.0
683,6.631732228662033e-15,-0.0
684,6.631732228662033e-15,-0.0
685,6.631732228662033e-15,-0.0
686,6.631732228662033e-15,-0.0
687,6.631732228662033e-15,-0.0
688,6.631732228662033e-15,-0.0
689,6.631732228662033e-15,-0.0
690,6.631732228662033e-15,-0.0
691,6.631732228662033e-15,-0.0
692,6.631732228662033e-15,-0.0
693,6.631732228662033e-15,-0.0
694,6.631732228662033e-15,-0.0
695,6.631732228662033e-15,-0.0
696,6.631732228662033e-15,-0.0
697,6.631732228662033e-15,-0.0
698,6.631732228662033e-15,-0.0
699,6.631732228662033e-15,-0.0
700,6.631732228662033e-15,-0.0
701,6.631732228662033e-15,-0.0
702,6.631732228662033e-15,-0.0
703,6.631732228662033e-15,-0.0
704,6.631732228662033e-15,-0.0
705,6.631732228662033e-15,-0.0
706,6.631732228662033e-15,-0.0
707,6.631732228662033e-15,-0.0
708,6.631732228662033e-15,-0.0
709,6.631732228662033e-15,-0.0
710,6.631732228662033e-15,-0.0
711,6.631732228662033e-15,-0.0
712,6.631732228662033e-15,-0.0
713,6.631732228662033e-15,-0.0
714,6.631732228662033e-15,-0.0
715,6.631732228662033e-15,-0.0
716,6.631732228662033e-15,-0.0
717,6.631732228662033e-15,-0.0
718,6.631732228662033e-15,-0.0
719,6.631732228662033e-15,-0.0
720,6.631732228662033e-15,-0.0
721,6.631732228662033e-15,-0.0
722,6.631732228662033e-15,-0.0
723,6.631732228662033e-15,-0.0
724,6.631732228662033e-15,-0.0
725,6.631732228662033e-15,-0.0
726,6.631732228662033e-15,-0.0
727,6.631732228662033e-15,-0.0
728,6.631732228662033e-15,-0.0
729,6.631732228662033e-15,-0.0
730,6.631732228662033e-15,-0.0
731,6.631732228662033e-15,-0.0
732,6.631732228662033e-15,-0.0
733,6.631732228662033e-15,-0.0
734,6.631732228662033e-15,-0.0
735,6.631732228662033e-15,-0.0
736,6.631732228662033e-15,-0.0
737,6.631732228662033e-15,-0.0
738,6.631732228662033e-15,-0.0
739,6.631732228662033e-15,-0.0
740,6.631732228662033e-15,-0.0
741,6.631732228662033e-15,-0.0
742,6.631732228662033e-15,-0.0
743,6.631732228662033e-15,-0.0
744,6.631732228662033e-15,-0.0
745,6.631732228662033e-15,-0.0
746,6.631732228662033e-15,-0.0
747,6.631732228662033e-15,-0.0
748,6.631732228662033e-15,-0.0
749,6.631732228662033e-15,-0.0
750,6.631732228662033e-15,-0.0
751,6.631732228662033e-15,-0.0
752,6.631732228662033e-15,-0.0
753,6.631732228662033e-15,-0.0
754,6.631732228662033e-15,-0.0
755,6.631732228662033e-15,-0.0
756,6.631732228662033e-15,-0.0
757,6.631732228662033e-15,-0.0
758,6.631732228662033e-15,-0.0
759,6.631732228662033e-15,-0.0
760,6.631732228662033e-15,-0.0
761,6.631732228662033e-15,-0.0
762,6.631732228662033e-15,-0.0
763,6.631732228662033e-15,-0.0
764,6.631732228662033e-15,-0.0
765,6.631732228662033e-15,-0.0
766,6.631732228662033e-15,-0.0
767,6.631732228662033e-15,-0.0
768,6.631732228662033e-15,-0.0
769,6.631732228662033e-15,-0.0
770,6.631732228662033e-15,-0.0
771,6.631732228662033e-15,-0.0
772,6.631732228662033e-15,-0.0
773,6.631732228662033e-15,-0.0
774,6.631732228662033e-15,-0.0
775,6.631732228662033e-15,-0.0
776,6.631732228662033e-15,-0.0
777,6.631732228662033e-15,-0.0
778,6.631732228662033e-15,-0.0
779,6.631732228662033e-15,-0.0
780,6.631732228662033e-15,-0.0
781,6.631732228662033e-15,-0.0
782,6.631732228662033e-15,-0.0
783,6.631732228662033e-15,-0.0
784,6.631732228662033e-15,-0.0
785,6.631732228662033e-15,-0.0
786,6.631732228662033e-15,-0.0
787,6.631732228662033e-15,-0.0
788,6.631732228662033e-15,-0.0
789,6.631732228662033e-15,-0.0
790,6.631732228662033e-15,-0.0
791,6.631732228662033e-15,-0.0
792,6.631732228662033e-15,-0.0
793,6.631732228662033e-15,-0.0
794,6.631732228662033e-15,-0.0
795,6.631732228662033e-15,-0.0
796,6.631732228662033e-15,-0.0
797,6.631732228662033e-15,-0.0
798,6.631732228662033e-15,-0.0
799,6.631732228662033e-15,-0.0
800,6.631732228662033e-15,-0.0
801,6.631732228662033e-15,-0.0
802,6.631732228662033e-15,-0.0
803,6.631732228662033e-15,-0.0
804,6.631732228662033e-15,-0.0
805,6.631732228662033e-15,-0.0
806,6.631732228662033e-15,-0.0
807,6.631732228662033e-15,-0.0
808,6.631732228662033e-15,-0.0
809,6.631732228662033e-15,-0.0
810,6.631732228662033e-15,-0.0
811,6.631732228662033e-15,-0.0
812,6.631732228662033e-15,-0.0
813,6.631732228662033e-15,-0.0
814,6.631732228662033e-15,-0.0
815,6.631732228662033e-15,-0.0
816,6.631732228662033e-15,-0.0
817,6.631732228662033e-15,-0.0
818,6.631732228662033e-15,-0.0
819,6.631732228662033e-15,-0.0
820,6.631732228662033e-15,-0.0
821,6.631732228662033e-15,-0.0
822,6.631732228662033e-15,-0.0
823,6.631732228662033e-15,-0.0
824,6.631732228662033e-15,-0.0
825,6.631732228662033e-15,-0.0
826,6.631732228662033e-15,-0.0
827,6.631732228662033e-15,-0.0
828,6.631732228662033e-15,-0.0
829,6.631732228662033e-15,-0.0
830,6.631732228662033e-15,-0.0
831,6.631732228662033e-15,-0.0
832,6.631732228662033e-15,-0.0
833,6.631732228662033e-15,-0.0
834,6.631732228662033e-15,-0.0
835,6.631732228662033e-15,-0.0
836,6.631732228662033e-15,-0.0
837,6.631732228662033e-15,-0.0
838,6.631732228662033e-15,-0.0
839,6.631732228662033e-15,-0.0
840,6.631732228662033e-15,-0.0
841,6.631732228662033e-15,-0.0
842,6.631732228662033e-15,-0.0
843,6.631732228662033e-15,-0.0
844,6.631732228662033e-15,-0.0
845,6.631732228662033e-15,-0.0
846,6.631732228662033e-15,-0.0
847,6.631732228662033e-15,-0.0
848,6.631732228662033e-15,-0.0
849,6.631732228662033e-15,-0.0
850,6.631732228662033e-15,-0.0
851,6.631732228662033e-15,-0.0
852,6.631732228662033e-15,-0.0
853,6.631732228662033e-15,-0.0
854,6.631732228662033e-15,-0.0
855,6.631732228662033e-15,-0.0
856,6.631732228662033e-15,-0.0
857,6.631732228662033e-15,-0.0
858,6.631732228662033e-15,-0.0
859,6.631732228662033e-15,-0.0
860,6.631732228662033e-15,-0.0
861,6.631732228662033e-15,-0.0
862,6.631732228662033e-15,-0.0
863,6.631732228662033e-15,-0.0
864,6.631732228662033e-15,-0.0
865,6.631732228662033e-15,-0.0
866,6.631732228662033e-15,-0.0
867,6.631732228662033e-15,-0.0
868,6.631732228662033e-15,-0.0
869,6.631732228662033e-15,-0.0
870,6.631732228662033e-15,-0.0
871,6.631732228662033e-15,-0.0
872,6.631732228662033e-15,-0.0
873,6.631732228662033e-15,-0.0
874,6.631732228662033e-15,-0.0
875,6.631732228662033e-15,-0.0
876,6.631732228662033e-15,-0.0
877,6.631732228662033e-15,-0.0
878,6.631732228662033e-15,-0.0
879,6.631732228662033e-15,-0.0
880,6.631732228662033e-15,-0.0
881,6.631732228662033e-15,-0.0
882,6.631732228662033e-15,-0.0
883,6.631732228662033e-15,-0.0
884,6.631732228662033e-15,-0.0
885,6.631732228662033e-15,-0.0
886,6.631732228662033e-15,-0.0
887,6.631732228662033e-15,-0.0
888,6.631732228662033e-15,-0.0
889,6.631732228662033e-15,-0.0
890,6.631732228662033e-15,-0.0
891,6.631732228662033e-15,-0.0
892,6.631732228662033e-15,-0.0
893,6.631732228662033e-15,-0.0
894,6.631732228662033e-15,-0.0
895,6.631732228662033e-15,-0.0
896,6.631732228662033e-15,-0.0
897,6.631732228662033e-15,-0.0
898,6.631732228662033e-15,-0.0
899,6.631732228662033e-15,-0.0
900,6.631732228662033e-15,-0.0
901,6.631732228662033e-15,-0.0
902,6.631732228662033e-15,-0.0
903,6.631732228662033e-15,-0.0
904,6.631732228662033e-15,-0.0
905,6.631732228662033e-15,-0.0
906,6.631732228662033e-15,-0.0
907,6.631732228662033e-15,-0.0
908,6.631732228662033e-15,-0.0
909,6.631732228662033e-15,-0.0
910,6.631732228662033e-15,-0.0
911,6.631732228662033e-15,-0.0
912,6.631732228662033e-15,-0.0
913,6.631732228662033e-15,-0.0
914,6.631732228662033e-15,-0.0
915,6.631732228662033e-15,-0.0
916,6.631732228662033e-15,-0.0
917,6.631732228662033e-15,-0.0
918,6.631732228662033e-15,-0.0
919,6.631732228662033e-15,-0.0
920,6.631732228662033e-15,-0.0
921,6.631732228662033e-15,-0.0
922,6.631732228662033e-15,-0.0
923,6.631732228662033e-15,-0.0
924,6.631732228662033e-15,-0.0
925,6.631732228662033e-15,-0.0
926,6.631732228662033e-15,-0.0
927,6.631732228662033e-15,-0.0
928,6.631732228662033e-15,-0.0
929,6.631732228662033e-15,-0.0
930,6.631732228662033e-15,-0.0
931,6.631732228662033e-15,-0.0
932,6.631732228662033e-15,-0.0
933,6.631732228662033e-15,-0.0
934,6.631732228662033e-15,-0.0
935,6.631732228662033e-15,-0.0
936,6.631732228662033e-15,-0.0
937,6.631732228662033e-15,-0.0
938,6.631732228662033e-15,-0.0
939,6.631732228662033e-15,-0.0
940,6.631732228662033e-15,-0.0
941,6.631732228662033e-15,-0.0
942,6.631732228662033e-15,-0.0
943,6.631732228662033e-15,-0.0
944,6.631732228662033e-15,-0.0
945,6.631732228662033e-15,-0.0
946,6.631732228662033e-15,-0.0
947,6.631732228662033e-15,-0.0
948,6.631732228662033e-15,-0.0
949,6.631732228662033e-15,-0.0
950,6.631732228662033e-15,-0.0
951,6.631732228662033e-15,-0.0
952,6.631732228662033e-15,-0.0
953,6.631732228662033e-15,-0.0
954,6.631732228662033e-15,-0.0
955,6.631732228662033e-15,-0.0
956,6.631732228662033e-15,-0.0
957,6.631732228662033e-15,-0.0
958,6.631732228662033e-15,-0.0
959,6.631732228662033e-15,-0.0
960,6.631732228662033e-15,-0.0
961,6.631732228662033e-15,-0.0
962,6.631732228662033e-15,-0.0
963,6.631732228662033e-15,-0.0
964,6.631732228662033e-15,-0.0
965,6.631732228662033e-15,-0.0
966,6.631732228662033e-15,-0.0
967,6.631732228662033e-15,-0.0
968,6.631732228662033e-15,-0.0
969,6.631732228662033e-15,-0.0
970,6.631732228662033e-15,-0.0
971,6.631732228662033e-15,-0.0
972,6.631732228662033e-15,-0.0
973,6.631732228662033e-15,-0.0
974,6.631732228662033e-15,-0.0
975,6.631732228662033e-15,-0.0
976,6.631732228662033e-15,-0.0
977,6.631732228662033e-15,-0.0
978,6.631732228662033e-15,-0.0
979,6.631732228662033e-15,-0.0
980,6.631732228662033e-15,-0.0
981,6.631732228662033e-15,-0.0
982,6.631732228662033e-15,-0.0
983,6.631732228662033e-15,-0.0
984,6.631732228662033e-15,-0.0
985,6.631732228662033e-15,-0.0
986,6.631732228662033e-15,-0.0
987,6.631732228662033e-15,-0.0
988,6.631732228662033e-15,-0.0
989,6.631732228662033e-15,-0.0
990,6.631732228662033e-15,-0.0
991,6.631732228662033e-15,-0.0
992,6.631732228662033e-15,-0.0
993,6.631732228662033e-15,-0.0
994,6.631732228662033e-15,-0.0
995,6.631732228662033e-15,-0.0
996,6.631732228662033e-15,-0.0
997,6.631732228662033e-15,-0.0
998,6.631732228662033e-15,-0.0
999,6.631732228662033e-15,-0.0
1000,6.631732228662033e-15,-0.0
1001,6.631732228662033e-15,-0.0
1002,6.631732228662033e-15,-0.0
1003,6.631732228662033e-15,-0.0
1004,6.631732228662033e-15,-0.0
1005,6.631732228662033e-15,-0.0
1006,6.631732228662033e-15,-0.0
1007,6.631732228662033e-15,-0.0
1008,6.631732228662033e-15,-0.0
1009,6.631732228662033e-15,-0.0
1010,6.631732228662033e-15,-0.0
1011,6.631732228662033e-15,-0.0
1012,6.631732228662033e-15,-0.0
1013,6.631732228662033e-15,-0.0
1014,6.631732228662033e-15,-0.0
1015,6.631732228662033e-15,-0.0
1016,6.631732228662033e-15,-0.0
1017,6.631732228662033e-15,-0.0
1018,6.631732228662033e-15,-0.0
1019,6.631732228662033e-15,-0.0
1020,6.631732228662033e-15,-0.0
1021,6.631732228662033e-15,-0.0
1022,6.631732228662033e-15,-0.0
1023,6.631732228662033e-15,-0.0
1024,6.631732228662033e-15,-0.0
1025,6.631732228662033e-15,-0.0
1026,6.631732228662033e-15,-0.0
1027,6.631732228662033e-15,-0.0
1028,6.631732228662033e-15,-0.0
1029,6.631732228662033e-15,-0.0
1030,6.631732228662033e-15,-0.0
1031,6.631732228662033e-15,-0.0
1032,6.631732228662033e-15,-0.0
1033,6.631732228662033e-15,-0.0
1034,6.631732228662033e-15,-0.0
1035,6.631732228662033e-15,-0.0
1036,6.631732228662033e-15,-0.0
1037,6.631732228662033e-15,-0.0
1038,6.631732228662033e-15,-0.0
1039,6.631732228662033e-15,-0.0
1040,6.631732228662033e-15,-0.0
1041,6.631732228662033e-15,-0.0
1042,6.631732228662033e-15,-0.0
1043,6.631732228662033e-15,-0.0
1044,6.631732228662033e-15,-0.0
1045,6.631732228662033e-15,-0.0
1046,6.631732228662033e-15,-0.0
1047,6.631732228662033e-15,-0.0
1048,6.631732228662033e-15,-0.0
1049,6.631732228662033e-15,-0.0
1050,6.631732228662033e-15,-0.0
1051,6.631732228662033e-15,-0.0
1052,6.631732228662033e-15,-0.0
1053,6.631732228662033e-15,-0.0
1054,6.631732228662033e-15,-0.0
1055,6.631732228662033e-15,-0.0
1056,6.631732228662033e-15,-0.0
1057,6.631732228662033e-15,-0.0
1058,6.631732228662033e-15,-0.0
1059,6.631732228662033e-15,-0.0
1060,6.631732228662033e-15,-0.0
1061,6.631732228662033e-15,-0.0
1062,6.631732228662033e-15,-0.0
1063,6.631732228662033e-15,-0.0
1064,6.631732228662033e-15,-0.0
1065,6.631732228662033e-15,-0.0
1066,6.631732228662033e-15,-0.0
1067,6.631732228662033e-15,-0.0
1068,6.631732228662033e-15,-0.0
1069,6.631732228662033e-15,-0.0
1070,6.631732228662033e-15,-0.0
1071,6.631732228662033e-15,-0.0
1072,6.631732228662033e-15,-0.0
1073,6.631732228662033e-15,-0.0
1074,6.631732228662033e-15,-0.0
1075,6.631732228662033e-15,-0.0
1076,6.631732228662033e-15,-0.0
1077,6.631732228662033e-15,-0.0
1078,6.631732228662033e-15,-0.0
1079,6.631732228662033e-15,-0.0
1080,6.631732228662033e-15,-0.0
1081,6.631732228662033e-15,-0.0
1082,6.631732228662033e-15,-0.0
1083,6.631732228662033e-15,-0.0
1084,6.631732228662033e-15,-0.0
1085,6.631732228662033e-15,-0.0
1086,6.631732228662033e-15,-0.0
1087,6.631732228662033e-15,-0.0
1088,6.631732228662033e-15,-0.0
1089,6.631732228662033e-15,-0.0
1090,6.631732228662033e-15,-0.0
1091,6.631732228662033e-15,-0.0
1092,6.631732228662033e-15,-0.0
1093,6.631732228662033e-15,-0.0
1094,6.631732228662033e-15,-0.0
1095,6.631732228662033e-15,-0.0
1096,6.631732228662033e-15,-0.0
1097,6.631732228662033e-15,-0.0
1098,6.631732228662033e-15,-0.0
1099,6.631732228662033e-15,-0.0
1100,6.631732228662033e-15,-0.0
1101,6.631732228662033e-15,-0.0
1102,6.631732228662033e-15,-0.0
1103,6.631732228662033e-15,-0.0
1104,6.631732228662033e-15,-0.0
1105,6.631732228662033e-15,-0.0
1106,6.631732228662033e-15,-0.0
1107,6.631732228662033e-15,-0.0
1108,6.631732228662033e-15,-0.0
1109,6.631732228662033e-15,-0.0
1110,6.631732228662033e-15,-0.0
1111,6.631732228662033e-15,-0.0
1112,6.631732228662033e-15,-0.0
1113,6.631732228662033e-15,-0.0
1114,6.631732228662033e-15,-0.0
1115,6.631732228662033e-15,-0.0
1116,6.631732228662033e-15,-0.0
1117,6.631732228662033e-15,-0.0
1118,6.631732228662033e-15,-0.0
1119,6.631732228662033e-15,-0.0
1120,6.631732228662033e-15,-0.0
1121,6.631732228662033e-15,-0.0
1122,6.631732228662033e-15,-0.0
1123,6.631732228662033e-15,-0.0
1124,6.631732228662033e-15,-0.0
1125,6.631732228662033e-15,-0.0
1126,6.631732228662033e-15,-0.0
1127,6.631732228662033e-15,-0.0
1128,6.631732228662033e-15,-0.0
1129,6.631732228662033e-15,-0.0
1130,6.631732228662033e-15,-0.0
1131,6.631732228662033e-15,-0.0
1132,6.631732228662033e-15,-0.0
1133,6.631732228662033e-15,-0.0
1134,6.631732228662033e-15,-0.0
1135,6.631732228662033e-15,-0.0
1136,6.631732228662033e-15,-0.0
1137,6.631732228662033e-15,-0.0
1138,6.631732228662033e-15,-0.0
1139,6.631732228662033e-15,-0.0
1140,6.631732228662033e-15,-0.0
1141,6.631732228662033e-15,-0.0
1142,6.631732228662033e-15,-0.0
1143,6.631732228662033e-15,-0.0
1144,6.631732228662033e-15,-0.0
1145,6.631732228662033e-15,-0.0
1146,6.631732228662033e-15,-0.0
1147,6.631732228662033e-15,-0.0
1148,6.631732228662033e-15,-0.0
1149,6.631732228662033e-15,-0.0
1150,6.631732228662033e-15,-0.0
1151,6.631732228662033e-15,-0.0
1152,6.631732228662033e-15,-0.0
1153,6.631732228662033e-15,-0.0
1154,6.631732228662033e-15,-0.0
1155,6.631732228662033e-15,-0.0
1156,6.631732228662033e-15,-0.0
1157,6.631732228662033e-15,-0.0
1158,6.631732228662033e-15,-0.0
1159,6.631732228662033e-15,-0.0
1160,6.631732228662033e-15,-0.0
1161,6.631732228662033e-15,-0.0
1162,6.631732228662033e-15,-0.0
1163,6.631732228662033e-15,-0.0
1164,6.631732228662033e-15,-0.0
1165,6.631732228662033e-15,-0.0
1166,6.631732228662033e-15,-0.0
1167,6.631732228662033e-15,-0.0
1168,6.631732228662033e-15,-0.0
1169,6.631732228662033e-15,-0.0
1170,6.631732228662033e-15,-0.0
1171,6.631732228662033e-15,-0.0
1172,6.631732228662033e-15,-0.0
1173,6.631732228662033e-15,-0.0
1174,6.631732228662033e-15,-0.0
1175,6.631732228662033e-15,-0.0
1176,6.631732228662033e-15,-0.0
1177,6.631732228662033e-15,-0.0
1178,6.631732228662033e-15,-0.0
1179,6.631732228662033e-15,-0.0
1180,6.631732228662033e-15,-0.0
1181,6.631732228662033e-15,-0.0
1182,6.631732228662033e-15,-0.0
1183,6.631732228662033e-15,-0.0
1184,6.631732228662033e-15,-0.0
1185,6.631732228662033e-15,-0.0
1186,6.631732228662033e-15,-0.0
1187,6.631732228662033e-15,-0.0
1188,6.631732228662033e-15,-0.0
1189,6.631732228662033e-15,-0.0
1190,6.631732228662033e-15,-0.0
1191,6.631732228662033e-15,-0.0
1192,6.631732228662033e-15,-0.0
1193,6.631732228662033e-15,-0.0
1194,6.631732228662033e-15,-0.0
1195,6.631732228662033e-15,-0.0
1196,6.631732228662033e-15,-0.0
1197,6.631732228662033e-15,-0.0
1198,6.631732228662033e-15,-0.0
1199,6.631732228662033e-15,-0.0
1200,6.631732228662033e-15,-0.0
1201,6.631732228662033e-15,-0.0
1202,6.631732228662033e-15,-0.0
1203,6.631732228662033e-15,-0.0
1204,6.631732228662033e-15,-0.0
1205,6.631732228662033e-15,-0.0
1206,6.631732228662033e-15,-0.0
1207,6.631732228662033e-15,-0.0
1208,6.631732228662033e-15,-0.0
1209,6.631732228662033e-15,-0.0
1210,6.631732228662033e-15,-0.0
1211,6.631732228662033e-15,-0.0
1212,6.631732228662033e-15,-0.0
1213,6.631732228662033e-15,-0.0
1214,6.631732228662033e-15,-0.0
1215,6.631732228662033e-15,-0.0
1216,6.631732228662033e-15,-0.0
1217,6.631732228662033e-15,-0.0
1218,6.631732228662033e-15,-0.0
1219,6.631732228662033e-15,-0.0
1220,6.631732228662033e-15,-0.0
1221,6.631732228662033e-15,-0.0
1222,6.631732228662033e-15,-0.0
1223,6.631732228662033e-15,-0.0
1224,6.631732228662033e-15,-0.0
1225,6.631732228662033e-15,-0.0
1226,6.631732228662033e-15,-0.0
1227,6.631732228662033e-15,-0.0
1228,6.631732228662033e-15,-0.0
1229,6.631732228662033e-15,-0.0
1230,6.631732228662033e-15,-0.0
1231,6.631732228662033e-15,-0.0
1232,6.631732228662033e-15,-0.0
1233,6.631732228662033e-15,-0.0
1234,6.631732228662033e-15,-0.0
1235,6.631732228662033e-15,-0.0
1236,6.631732228662033e-15,-0.0
1237,6.631732228662033e-15,-0.0
1238,6.631732228662033e-15,-0.0
1239,6.631732228662033e-15,-0.0
1240,6.631732228662033e-15,-0.0
1241,6.631732228662033e-15,-0.0
1242,6.631732228662033e-15,-0.0
1243,6.631732228662033e-15,-0.0
1244,6.631732228662033e-15,-0.0
1245,6.631732228662033e-15,-0.0
1246,6.631732228662033e-15,-0.0
1247,6.631732228662033e-15,-0.0
1248,6.631732228662033e-15,-0.0
1249,6.631732228662033e-15,-0.0
1250,6.631732228662033e-15,-0.0
1251,6.631732228662033e-15,-0.0
1252,6.631732228662033e-15,-0.0
1253,6.631732228662033e-15,-0.0
1254,6.631732228662033e-15,-0.0
1255,6.631732228662033e-15,-0.0
1256,6.631732228662033e-15,-0.0
1257,6.631732228662033e-15,-0.0
1258,6.631732228662033e-15,-0.0
1259,6.631732228662033e-15,-0.0
1260,6.631732228662033e-15,-0.0
1261,6.631732228662033e-15,-0.0
1262,6.631732228662033e-15,-0.0
1263,6.631732228662033e-15,-0.0
1264,6.631732228662033e-15,-0.0
1265,6.631732228662033e-15,-0.0
1266,6.631732228662033e-15,-0.0
1267,6.631732228662033e-15,-0.0
1268,6.631732228662033e-15,-0.0
1269,6.631732228662033e-15,-0.0
1270,6.631732228662033e-15,-0.0
1271,6.631732228662033e-15,-0.0
1272,6.631732228662033e-15,-0.0
1273,6.631732228662033e-15,-0.0
1274,6.631732228662033e-15,-0.0
1275,6.631732228662033e-15,-0.0
1276,6.631732228662033e-15,-0.0
1277,6.631732228662033e-15,-0.0
1278,6.631732228662033e-15,-0.0
1279,6.631732228662033e-15,-0.0
1280,6.631732228662033e-15,-0.0
1281,6.631732228662033e-15,-0.0
1282,6.631732228662033e-15,-0.0
1283,6.631732228662033e-15,-0.0
1284,6.631732228662033e-15,-0.0
1285,6.631732228662033e-15,-0.0
1286,6.631732228662033e-15,-0.0
1287,6.631732228662033e-15,-0.0
1288,6.631732228662033e-15,-0.0
1289,6.631732228662033e-15,-0.0
1290,6.631732228662033e-15,-0.0
1291,6.631732228662033e-15,-0.0
1292,6.631732228662033e-15,-0.0
1293,6.631732228662033e-15,-0.0
1294,6.631732228662033e-15,-0.0
1295,6.631732228662033e-15,-0.0
1296,6.631732228662033e-15,-0.0
1297,6.631732228662033e-15,-0.0
1298,6.631732228662033e-15,-0.0
1299,6.631732228662033e-15,-0.0
1300,6.631732228662033e-15,-0.0
1301,6.631732228662033e-15,-0.0
1302,6.631732228662033e-15,-0.0
1303,6.631732228662033e-15,-0.0
1304,6.631732228662033e-15,-0.0
1305,6.631732228662033e-15,-0.0
1306,6.631732228662033e-15,-0.0
1307,6.631732228662033e-15,-0.0
1308,6.631732228662033e-15,-0.0
1309,6.631732228662033e-15,-0.0
1310,6.631732228662033e-15,-0.0
1311,6.631732228662033e-15,-0.0
1312,6.631732228662033e-15,-0.0
1313,6.631732228662033e-15,-0.0
1314,6.631732228662033e-15,-0.0
1315,6.631732228662033e-15,-0.0
1316,6.631732228662033e-15,-0.0
1317,6.631732228662033e-15,-0.0
1318,6.631732228662033e-15,-0.0
1319,6.631732228662033e-15,-0.0
1320,6.631732228662033e-15,-0.0
1321,6.631732228662033e-15,-0.0
1322,6.631732228662033e-15,-0.0
1323,6.631732228662033e-15,-0.0
1324,6.631732228662033e-15,-0.0
1325,6.631732228662033e-15,-0.0
1326,6.631732228662033e-15,-0.0
1327,6.631732228662033e-15,-0.0
1328,6.631732228662033e-15,-0.0
1329,6.631732228662033e-15,-0.0
1330,6.631732228662033e-15,-0.0
1331,6.631732228662033e-15,-0.0
1332,6.631732228662033e-15,-0.0
1333,6.631732228662033e-15,-0.0
1334,6.631732228662033e-15,-0.0
1335,6.631732228662033e-15,-0.0
1336,6.631732228662033e-15,-0.0
1337,6.631732228662033e-15,-0.0
1338,6.631732228662033e-15,-0.0
1339,6.631732228662033e-15,-0.0
1340,6.631732228662033e-15,-0.0
1341,6.631732228662033e-15,-0.0
1342,6.631732228662033e-15,-0.0
1343,6.631732228662033e-15,-0.0
1344,6.631732228662033e-15,-0.0
1345,6.631732228662033e-15,-0.0
1346,6.631732228662033e-15,-0.0
1347,6.631732228662033e-15,-0.0
1348,6.631732228662033e-15,-0.0
1349,6.631732228662033e-15,-0.0
1350,6.631732228662033e-15,-0.0
1351,6.631732228662033e-15,-0.0
1352,6.631732228662033e-15,-0.0
1353,6.631732228662033e-15,-0.0
1354,6.631732228662033e-15,-0.0
1355,6.631732228662033e-15,-0.0
1356,6.631732228662033e-15,-0.0
1357,6.631732228662033e-15,-0.0
1358,6.631732228662033e-15,-0.0
1359,6.631732228662033e-15,-0.0
1360,6.631732228662033e-15,-0.0
1361,6.631732228662033e-15,-0.0
1362,6.631732228662033e-15,-0.0
1363,6.631732228662033e-15,-0.0
1364,6.631732228662033e-15,-0.0
1365,6.631732228662033e-15,-0.0
1366,6.631732228662033e-15,-0.0
1367,6.631732228662033e-15,-0.0
1368,6.631732228662033e-15,-0.0
1369,6.631732228662033e-15,-0.0
1370,6.631732228662033e-15,-0.0
1371,6.631732228662033e-15,-0.0
1372,6.631732228662033e-15,-0.0
1373,6.631732228662033e-15,-0.0
1374,6.631732228662033e-15,-0.0
1375,6.631732228662033e-15,-0.0
1376,6.631732228662033e-15,-0.0
1377,6.631732228662033e-15,-0.0
1378,6.631732228662033e-15,-0.0
1379,6.631732228662033e-15,-0.0
1380,6.631732228662033e-15,-0.0
1381,6.631732228662033e-15,-0.0
1382,6.631732228662033e-15,-0.0
1383,6.631732228662033e-15,-0.0
1384,6.631732228662033e-15,-0.0
1385,6.631732228662033e-15,-0.0
1386,6.631732228662033e-15,-0.0
1387,6.631732228662033e-15,-0.0
1388,6.631732228662033e-15,-0.0
1389,6.631732228662033e-15,-0.0
1390,6.631732228662033e-15,-0.0
1391,6.631732228662033e-15,-0.0
1392,6.631732228662033e-15,-0.0
1393,6.631732228662033e-15,-0.0
1394,6.631732228662033e-15,-0.0
1395,6.631732228662033e-15,-0.0
1396,6.631732228662033e-15,-0.0
1397,6.631732228662033e-15,-0.0
1398,6.631732228662033e-15,-0.0
1399,6.631732228662033e-15,-0.0
1400,6.631732228662033e-15,-0.0
1401,6.631732228662033e-15,-0.0
1402,6.631732228662033e-15,-0.0
1403,6.631732228662033e-15,-0.0
1404,6.631732228662033e-15,-0.0
1405,6.631732228662033e-15,-0.0
1406,6.631732228662033e-15,-0.0
1407,6.631732228662033e-15,-0.0
1408,6.631732228662033e-15,-0.0
1409,6.631732228662033e-15,-0.0
1410,6.631732228662033e-15,-0.0
1411,6.631732228662033e-15,-0.0
1412,6.631732228662033e-15,-0.0
1413,6.631732228662033e-15,-0.0
1414,6.631732228662033e-15,-0.0
1415,6.631732228662033e-15,-0.0
1416,6.631732228662033e-15,-0.0
1417,6.631732228662033e-15,-0.0
1418,6.631732228662033e-15,-0.0
1419,6.631732228662033e-15,-0.0
1420,6.631732228662033e-15,-0.0
1421,6.631732228662033e-15,-0.0
1422,6.631732228662033e-15,-0.0
1423,6.631732228662033e-15,-0.0
1424,6.631732228662033e-15,-0.0
1425,6.631732228662033e-15,-0.0
1426,6.631732228662033e-15,-0.0
1427,6.631732228662033e-15,-0.0
1428,6.631732228662033e-15,-0.0
1429,6.631732228662033e-15,-0.0
1430,6.631732228662033e-15,-0.0
1431,6.631732228662033e-15,-0.0
1432,6.631732228662033e-15,-0.0
1433,6.631732228662033e-15,-0.0
1434,6.631732228662033e-15,-0.0
1435,6.631732228662033e-15,-0.0
1436,6.631732228662033e-15,-0.0
1437,6.631732228662033e-15,-0.0
1438,6.631732228662033e-15,-0.0
1439,6.631732228662033e-15,-0.0
1440,6.631732228662033e-15,-0.0
1441,6.631732228662033e-15,-0.0
1442,6.631732228662033e-15,-0.0
1443,6.631732228662033e-15,-0.0
1444,6.631732228662033e-15,-0.0
1445,6.631732228662033e-15,-0.0
1446,6.631732228662033e-15,-0.0
1447,6.631732228662033e-15,-0.0
1448,6.631732228662033e-15,-0.0
1449,6.631732228662033e-15,-0.0
1450,6.631732228662033e-15,-0.0
1451,6.631732228662033e-15,-0.0
1452,6.631732228662033e-15,-0.0
1453,6.631732228662033e-15,-0.0
1454,6.631732228662033e-15,-0.0
1455,6.631732228662033e-15,-0.0
1456,6.631732228662033e-15,-0.0
1457,6.631732228662033e-15,-0.0
1458,6.631732228662033e-15,-0.0
1459,6.631732228662033e-15,-0.0
1460,6.631732228662033e-15,-0.0
1461,6.631732228662033e-15,-0.0
1462,6.631732228662033e-15,-0.0
1463,6.631732228662033e-15,-0.0
1464,6.631732228662033e-15,-0.0
1465,6.631732228662033e-15,-0.0
1466,6.631732228662033e-15,-0.0
1467,6.631732228662033e-15,-0.0
1468,6.631732228662033e-15,-0.0
1469,6.631732228662033e-15,-0.0
1470,6.631732228662033e-15,-0.0
1471,6.631732228662033e-15,-0.0
1472,6.631732228662033e-15,-0.0
1473,6.631732228662033e-15,-0.0
1474,6.631732228662033e-15,-0.0
1475,6.631732228662033e-15,-0.0
1476,6.631732228662033e-15,-0.0
1477,6.631732228662033e-15,-0.0
1478,6.631732228662033e-15,-0.0
1479,6.631732228662033e-15,-0.0
1480,6.631732228662033e-15,-0.0
1481,6.631732228662033e-15,-0.0
1482,6.631732228662033e-15,-0.0
1483,6.631732228662033e-15,-0.0
1484,6.631732228662033e-15,-0.0
1485,6.631732228662033e-15,-0.0
1486,6.631732228662033e-15,-0.0
1487,6.631732228662033e-15,-0.0
1488,6.631732228662033e-15,-0.0
1489,6.631732228662033e-15,-0.0
1490,6.631732228662033e-15,-0.0
1491,6.631732228662033e-15,-0.0
1492,6.631732228662033e-15,-0.0
1493,6.631732228662033e-15,-0.0
1494,6.631732228662033e-15,-0.0
1495,6.631732228662033e-15,-0.0
1496,6.631732228662033e-15,-0.0
1497,6.631732228662033e-15,-0.0
1498,6.631732228662033e-15,-0.0
1499,6.631732228662033e-15,-0.0
1500,6.631732228662033e-15,-0.0
1501,6.631732228662033e-15,-0.0
1502,6.631732228662033e-15,-0.0
1503,6.631732228662033e-15,-0.0
1504,6.631732228662033e-15,-0.0
1505,6.631732228662033e-15,-0.0
1506,6.631732228662033e-15,-0.0
1507,6.631732228662033e-15,-0.0
1508,6.631732228662033e-15,-0.0
1509,6.631732228662033e-15,-0.0
1510,6.631732228662033e-15,-0.0
1511,6.631732228662033e-15,-0.0
1512,6.631732228662033e-15,-0.0
1513,6.631732228662033e-15,-0.0
1514,6.631732228662033e-15,-0.0
1515,6.631732228662033e-15,-0.0
1516,6.631732228662033e-15,-0.0
1517,6.631732228662033e-15,-0.0
1518,6.631732228662033e-15,-0.0
1519,6.631732228662033e-15,-0.0
1520,6.631732228662033e-15,-0.0
1521,6.631732228662033e-15,-0.0
1522,6.631732228662033e-15,-0.0
1523,6.631732228662033e-15,-0.0
1524,6.631732228662033e-15,-0.0
1525,6.631732228662033e-15,-0.0
1526,6.631732228662033e-15,-0.0
1527,6.631732228662033e-15,-0.0
1528,6.631732228662033e-15,-0.0
1529,6.631732228662033e-15,-0.0
1530,6.631732228662033e-15,-0.0
1531,6.631732228662033e-15,-0.0
1532,6.631732228662033e-15,-0.0
1533,6.631732228662033e-15,-0.0
1534,6.631732228662033e-15,-0.0
1535,6.631732228662033e-15,-0.0
1536,6.631732228662033e-15,-0.0
1537,6.631732228662033e-15,-0.0
1538,6.631732228662033e-15,-0.0
1539,6.631732228662033e-15,-0.0
1540,6.631732228662033e-15,-0.0
1541,6.631732228662033e-15,-0.0
1542,6.631732228662033e-15,-0.0
1543,6.631732228662033e-15,-0.0
1544,6.631732228662033e-15,-0.0
1545,6.631732228662033e-15,-0.0
1546,6.631732228662033e-15,-0.0
1547,6.631732228662033e-15,-0.0
1548,6.631732228662033e-15,-0.0
1549,6.631732228662033e-15,-0.0
1550,6.631732228662033e-15,-0.0
1551,6.631732228662033e-15,-0.0
1552,6.631732228662033e-15,-0.0
1553,6.631732228662033e-15,-0.0
1554,6.631732228662033e-15,-0.0
1555,6.631732228662033e-15,-0.0
1556,6.631732228662033e-15,-0.0
1557,6.631732228662033e-15,-0.0
1558,6.631732228662033e-15,-0.0
1559,6.631732228662033e-15,-0.0
1560,6.631732228662033e-15,-0.0
1561,6.631732228662033e-15,-0.0
1562,6.631732228662033e-15,-0.0
1563,6.631732228662033e-15,-0.0
1564,6.631732228662033e-15,-0.0
1565,6.631732228662033e-15,-0.0
1566,6.631732228662033e-15,-0.0
1567,6.631732228662033e-15,-0.0
1568,6.631732228662033e-15,-0.0
1569,6.631732228662033e-15,-0.0
1570,6.631732228662033e-15,-0.0
1571,6.631732228662033e-15,-0.0
1572,6.631732228662033e-15,-0.0
1573,6.631732228662033e-15,-0.0
1574,6.631732228662033e-15,-0.0
1575,6.631732228662033e-15,-0.0
1576,6.631732228662033e-15,-0.0
1577,6.631732228662033e-15,-0.0
1578,6.631732228662033e-15,-0.0
1579,6.631732228662033e-15,-0.0
1580,6.631732228662033e-15,-0.0
1581,6.631732228662033e-15,-0.0
1582,6.631732228662033e-15,-0.0
1583,6.631732228662033e-15,-0.0
1584,6.631732228662033e-15,-0.0
1585,6.631732228662033e-15,-0.0
1586,6.631732228662033e-15,-0.0
1587,6.631732228662033e-15,-0.0
1588,6.631732228662033e-15,-0.0
1589,6.631732228662033e-15,-0.0
1590,6.631732228662033e-15,-0.0
1591,6.631732228662033e-15,-0.0
1592,6.631732228662033e-15,-0.0
1593,6.631732228662033e-15,-0.0
1594,6.631732228662033e-15,-0.0
1595,6.631732228662033e-15,-0.0
1596,6.631732228662033e-15,-0.0
1597,6.631732228662033e-15,-0.0
1598,6.631732228662033e-15,-0.0
1599,6.631732228662033e-15,-0.0
1600,6.631732228662033e-15,-0.0
1601,6.631732228662033e-15,-0.0
1602,6.631732228662033e-15,-0.0
1603,6.631732228662033e-15,-0.0
1604,6.631732228662033e-15,-0.0
1605,6.631732228662033e-15,-0.0
1606,6.631732228662033e-15,-0.0
1607,6.631732228662033e-15,-0.0
1608,6.631732228662033e-15,-0.0
1609,6.631732228662033e-15,-0.0
1610,6.631732228662033e-15,-0.0
1611,6.631732228662033e-15,-0.0
1612,6.631732228662033e-15,-0.0
1613,6.631732228662033e-15,-0.0
1614,6.631732228662033e-15,-0.0
1615,6.631732228662033e-15,-0.0
1616,6.631732228662033e-15,-0.0
1617,6.631732228662033e-15,-0.0
1618,6.631732228662033e-15,-0.0
1619,6.631732228662033e-15,-0.0
1620,6.631732228662033e-15,-0.0
1621,6.631732228662033e-15,-0.0
1622,6.631732228662033e-15,-0.0
1623,6.631732228662033e-15,-0.0
1624,6.631732228662033e-15,-0.0
1625,6.631732228662033e-15,-0.0
1626,6.631732228662033e-15,-0.0
1627,6.631732228662033e-15,-0.0
1628,6.631732228662033e-15,-0.0
1629,6.631732228662033e-15,-0.0
1630,6.631732228662033e-15,-0.0
1631,6.631732228662033e-15,-0.0
1632,6.631732228662033e-15,-0.0
1633,6.631732228662033e-15,-0.0
1634,6.631732228662033e-15,-0.0
1635,6.631732228662033e-15,-0.0
1636,6.631732228662033e-15,-0.0
1637,6.631732228662033e-15,-0.0
1638,6.631732228662033e-15,-0.0
1639,6.631732228662033e-15,-0.0
1640,6.631732228662033e-15,-0.0
1641,6.631732228662033e-15,-0.0
1642,6.631732228662033e-15,-0.0
1643,6.631732228662033e-15,-0.0
1644,6.631732228662033e-15,-0.0
1645,6.631732228662033e-15,-0.0
1646,6.631732228662033e-15,-0.0
1647,6.631732228662033e-15,-0.0
1648,6.631732228662033e-15,-0.0
1649,6.631732228662033e-15,-0.0
1650,6.631732228662033e-15,-0.0
1651,6.631732228662033e-15,-0.0
1652,6.631732228662033e-15,-0.0
1653,6.631732228662033e-15,-0.0
1654,6.631732228662033e-15,-0.0
1655,6.631732228662033e-15,-0.0
1656,6.631732228662033e-15,-0.0
1657,6.631732228662033e-15,-0.0
1658,6.631732228662033e-15,-0.0
1659,6.631732228662033e-15,-0.0
1660,6.631732228662033e-15,-0.0
1661,6.631732228662033e-15,-0.0
1662,6.631732228662033e-15,-0.0
1663,6.631732228662033e-15,-0.0
1664,6.631732228662033e-15,-0.0
1665,6.631732228662033e-15,-0.0
